"","constituency","gss_code","lrscale","winner"
"1","Brighton, Pavilion","E14000598",-0.38,"Green"
"2","Bristol West","E14000602",-0.359,"Labour"
"3","Liverpool, Riverside","E14000793",-0.328,"Labour"
"4","Glasgow North","S14000031",-0.316,"Scottish National Party"
"5","Dulwich and West Norwood","E14000673",-0.313,"Labour"
"6","Hackney South and Shoreditch","E14000721",-0.283,"Labour"
"7","Hackney North and Stoke Newington","E14000720",-0.281,"Labour"
"8","Glasgow Central","S14000029",-0.259,"Scottish National Party"
"9","Glasgow North East","S14000032",-0.258,"Scottish National Party"
"10","Glasgow North West","S14000033",-0.257,"Scottish National Party"
"11","Manchester, Withington","E14000809",-0.256,"Labour"
"12","Liverpool, Wavertree","E14000795",-0.254,"Labour"
"13","Edinburgh North and Leith","S14000023",-0.252,"Scottish National Party"
"14","Glasgow South","S14000034",-0.252,"Scottish National Party"
"15","Lewisham, Deptford","E14000789",-0.25,"Labour"
"16","Islington North","E14000763",-0.25,"Labour"
"17","West Dunbartonshire","S14000059",-0.247,"Scottish National Party"
"18","Edinburgh South","S14000024",-0.243,"Labour"
"19","Tottenham","E14001002",-0.236,"Labour"
"20","Hornsey and Wood Green","E14000752",-0.236,"Labour"
"21","Motherwell and Wishaw","S14000047",-0.233,"Scottish National Party"
"22","Paisley and Renfrewshire South","S14000053",-0.231,"Scottish National Party"
"23","Edinburgh South West","S14000025",-0.23,"Scottish National Party"
"24","Sheffield Central","E14000919",-0.229,"Labour"
"25","Airdrie and Shotts","S14000003",-0.228,"Scottish National Party"
"26","Glasgow South West","S14000035",-0.223,"Scottish National Party"
"27","Streatham","E14000978",-0.221,"Labour"
"28","Edinburgh East","S14000022",-0.221,"Scottish National Party"
"29","Dundee West","S14000016",-0.214,"Scottish National Party"
"30","Coatbridge, Chryston and Bellshill","S14000011",-0.213,"Scottish National Party"
"31","Glasgow East","S14000030",-0.213,"Scottish National Party"
"32","Rutherglen and Hamilton West","S14000056",-0.213,"Scottish National Party"
"33","Arfon","W07000057",-0.213,"Plaid Cymru"
"34","Vauxhall","E14001008",-0.211,"Labour"
"35","Manchester Central","E14000807",-0.21,"Labour"
"36","Birmingham, Ladywood","E14000564",-0.209,"Labour"
"37","Liverpool, Walton","E14000794",-0.203,"Labour"
"38","Inverclyde","S14000038",-0.203,"Scottish National Party"
"39","Leeds Central","E14000777",-0.201,"Labour"
"40","Cambridge","E14000617",-0.199,"Labour"
"41","Oxford East","E14000873",-0.198,"Labour"
"42","Cumbernauld, Kilsyth and Kirkintilloch East","S14000012",-0.197,"Scottish National Party"
"43","Holborn and St Pancras","E14000750",-0.196,"Labour"
"44","Kirkcaldy and Cowdenbeath","S14000041",-0.196,"Scottish National Party"
"45","Knowsley","E14000775",-0.195,"Labour"
"46","Liverpool, West Derby","E14000796",-0.195,"Labour"
"47","Kilmarnock and Loudoun","S14000040",-0.194,"Scottish National Party"
"48","Cardiff Central","W07000050",-0.193,"Labour"
"49","North Ayrshire and Arran","S14000048",-0.191,"Scottish National Party"
"50","Camberwell and Peckham","E14000615",-0.19,"Labour"
"51","Birkenhead","E14000559",-0.19,"Labour"
"52","Hove","E14000755",-0.189,"Labour"
"53","Battersea","E14000549",-0.189,"Labour"
"54","Dunfermline and West Fife","S14000017",-0.185,"Scottish National Party"
"55","Islington South and Finsbury","E14000764",-0.182,"Labour"
"56","Bootle","E14000581",-0.182,"Labour"
"57","Greenwich and Woolwich","E14000718",-0.18,"Labour"
"58","Garston and Halewood","E14000708",-0.177,"Labour"
"59","Hampstead and Kilburn","E14000727",-0.175,"Labour"
"60","Newcastle upon Tyne East","E14000832",-0.175,"Labour"
"61","Linlithgow and East Falkirk","S14000043",-0.175,"Scottish National Party"
"62","Bethnal Green and Bow","E14000555",-0.173,"Labour"
"63","Walthamstow","E14001013",-0.173,"Labour"
"64","Bermondsey and Old Southwark","E14000553",-0.173,"Labour"
"65","Glenrothes","S14000036",-0.173,"Scottish National Party"
"66","Lanark and Hamilton East","S14000042",-0.173,"Scottish National Party"
"67","Tooting","E14000998",-0.171,"Labour"
"68","East Kilbride, Strathaven and Lesmahagow","S14000019",-0.171,"Scottish National Party"
"69","York Central","E14001061",-0.168,"Labour"
"70","Hammersmith","E14000726",-0.168,"Labour"
"71","Nottingham East","E14000865",-0.167,"Labour"
"72","East Lothian","S14000020",-0.165,"Scottish National Party"
"73","Manchester, Gorton","E14000808",-0.162,"Labour"
"74","Dundee East","S14000015",-0.161,"Scottish National Party"
"75","Norwich South","E14000864",-0.16,"Labour"
"76","Putney","E14000887",-0.158,"Labour"
"77","Stirling","S14000057",-0.157,"Scottish National Party"
"78","Paisley and Renfrewshire North","S14000052",-0.157,"Scottish National Party"
"79","Lewisham West and Penge","E14000788",-0.156,"Labour"
"80","Livingston","S14000044",-0.155,"Scottish National Party"
"81","Ealing Central and Acton","E14000674",-0.154,"Labour"
"82","Leeds North West","E14000780",-0.154,"Labour"
"83","Cardiff South and Penarth","W07000080",-0.152,"Labour"
"84","East Renfrewshire","S14000021",-0.151,"Scottish National Party"
"85","Midlothian","S14000045",-0.148,"Scottish National Party"
"86","Edinburgh West","S14000026",-0.148,"Liberal Democrat"
"87","Poplar and Limehouse","E14000882",-0.144,"Labour"
"88","Central Ayrshire","S14000010",-0.144,"Scottish National Party"
"89","Wallasey","E14001010",-0.144,"Labour"
"90","Falkirk","S14000028",-0.14,"Scottish National Party"
"91","Leyton and Wanstead","E14000790",-0.139,"Labour"
"92","Cardiff West","W07000079",-0.137,"Labour"
"93","Swansea West","W07000047",-0.136,"Labour"
"94","Leeds North East","E14000779",-0.135,"Labour"
"95","Lewisham East","E14000787",-0.133,"Labour"
"96","Inverness, Nairn, Badenoch and Strathspey","S14000039",-0.129,"Scottish National Party"
"97","Kingston upon Hull North","E14000772",-0.127,"Labour"
"98","City of Chester","E14000640",-0.126,"Labour"
"99","Ayr, Carrick and Cumnock","S14000006",-0.126,"Scottish National Party"
"100","Stockport","E14000969",-0.122,"Labour"
"101","East Dunbartonshire","S14000018",-0.12,"Scottish National Party"
"102","Newcastle upon Tyne Central","E14000831",-0.118,"Labour"
"103","Chorley","E14000637",-0.117,"Speaker"
"104","Bristol North West","E14000600",-0.117,"Labour"
"105","Ochil and South Perthshire","S14000050",-0.115,"Scottish National Party"
"106","Blaenau Gwent","W07000072",-0.115,"Labour"
"107","City of Durham","E14000641",-0.114,"Labour"
"108","Blackley and Broughton","E14000571",-0.114,"Labour"
"109","Sheffield, Hallam","E14000922",-0.113,"Labour"
"110","Exeter","E14000698",-0.112,"Labour"
"111","Birmingham, Hall Green","E14000562",-0.111,"Labour"
"112","Salford and Eccles","E14000911",-0.111,"Labour"
"113","Brighton, Kemptown","E14000597",-0.11,"Labour"
"114","Leeds West","E14000781",-0.11,"Labour"
"115","Aberdeen South","S14000002",-0.11,"Scottish National Party"
"116","Aberdeen North","S14000001",-0.109,"Scottish National Party"
"117","Cardiff North","W07000051",-0.108,"Labour"
"118","Wythenshawe and Sale East","E14001059",-0.107,"Labour"
"119","St Helens South and Whiston","E14000963",-0.107,"Labour"
"120","Na h-Eileanan an Iar","S14000027",-0.107,"Scottish National Party"
"121","Cities of London and Westminster","E14000639",-0.106,"Conservative"
"122","Warwick and Leamington","E14001019",-0.104,"Labour"
"123","North East Fife","S14000049",-0.104,"Liberal Democrat"
"124","Pontypridd","W07000075",-0.104,"Labour"
"125","Birmingham, Selly Oak","E14000567",-0.103,"Labour"
"126","Merthyr Tydfil and Rhymney","W07000071",-0.103,"Labour"
"127","Reading East","E14000889",-0.102,"Labour"
"128","Caerphilly","W07000076",-0.102,"Labour"
"129","Bristol South","E14000601",-0.097,"Labour"
"130","Ynys Mon","W07000041",-0.094,"Conservative"
"131","Westminster North","E14001036",-0.093,"Labour"
"132","Sefton Central","E14000916",-0.092,"Labour"
"133","Tynemouth","E14001006",-0.091,"Labour"
"134","Perth and North Perthshire","S14000054",-0.09,"Scottish National Party"
"135","Middlesbrough","E14000819",-0.089,"Labour"
"136","Halton","E14000725",-0.088,"Labour"
"137","Nottingham South","E14000867",-0.087,"Labour"
"138","Enfield, Southgate","E14000692",-0.086,"Labour"
"139","Birmingham, Edgbaston","E14000560",-0.086,"Labour"
"140","Rhondda","W07000052",-0.086,"Labour"
"141","Ceredigion","W07000064",-0.084,"Plaid Cymru"
"142","Stretford and Urmston","E14000979",-0.083,"Labour"
"143","Argyll and Bute","S14000005",-0.083,"Scottish National Party"
"144","Kensington","E14000768",-0.082,"Conservative"
"145","South Shields","E14000944",-0.081,"Labour"
"146","Richmond Park","E14000896",-0.081,"Liberal Democrat"
"147","Wansbeck","E14001014",-0.081,"Labour"
"148","Birmingham, Hodge Hill","E14000563",-0.078,"Labour"
"149","St Helens North","E14000962",-0.078,"Labour"
"150","Bath","E14000547",-0.078,"Liberal Democrat"
"151","Wirral West","E14001044",-0.078,"Labour"
"152","Leicester South","E14000783",-0.077,"Labour"
"153","Cynon Valley","W07000070",-0.077,"Labour"
"154","Gateshead","E14000709",-0.076,"Labour"
"155","Wimbledon","E14001040",-0.074,"Conservative"
"156","Leicester West","E14000784",-0.074,"Labour"
"157","Washington and Sunderland West","E14001020",-0.073,"Labour"
"158","Plymouth, Sutton and Devonport","E14000880",-0.073,"Labour"
"159","Canterbury","E14000619",-0.072,"Labour"
"160","Hartlepool","E14000733",-0.072,"Labour"
"161","Dumfries and Galloway","S14000013",-0.072,"Conservative"
"162","Angus","S14000004",-0.071,"Scottish National Party"
"163","Berwickshire, Roxburgh and Selkirk","S14000008",-0.071,"Conservative"
"164","Weaver Vale","E14001024",-0.07,"Labour"
"165","Ross, Skye and Lochaber","S14000055",-0.07,"Scottish National Party"
"166","Neath","W07000069",-0.07,"Labour"
"167","Chelsea and Fulham","E14000629",-0.068,"Conservative"
"168","Kingston upon Hull West and Hessle","E14000773",-0.067,"Labour"
"169","Bristol East","E14000599",-0.066,"Labour"
"170","Chipping Barnet","E14000636",-0.065,"Conservative"
"171","Stroud","E14000980",-0.065,"Conservative"
"172","Dwyfor Meirionnydd","W07000061",-0.064,"Plaid Cymru"
"173","Ogmore","W07000074",-0.064,"Labour"
"174","Enfield North","E14000691",-0.063,"Labour"
"175","High Peak","E14000748",-0.063,"Conservative"
"176","North Tyneside","E14000853",-0.063,"Labour"
"177","Bradford West","E14000589",-0.063,"Labour"
"178","West Ham","E14001032",-0.062,"Labour"
"179","Sheffield, Heeley","E14000923",-0.062,"Labour"
"180","Wirral South","E14001043",-0.061,"Labour"
"181","Brent Central","E14000591",-0.06,"Labour"
"182","Sheffield, Brightside and Hillsborough","E14000921",-0.06,"Labour"
"183","Altrincham and Sale West","E14000532",-0.06,"Conservative"
"184","Dumfriesshire, Clydesdale and Tweeddale","S14000014",-0.06,"Conservative"
"185","Jarrow","E14000765",-0.059,"Labour"
"186","Edmonton","E14000687",-0.058,"Labour"
"187","Croydon North","E14000655",-0.058,"Labour"
"188","Southampton, Test","E14000956",-0.058,"Labour"
"189","Caithness, Sutherland and Easter Ross","S14000009",-0.058,"Liberal Democrat"
"190","Aberavon","W07000049",-0.058,"Labour"
"191","Bridgend","W07000073",-0.057,"Conservative"
"192","Truro and Falmouth","E14001003",-0.057,"Conservative"
"193","Brentford and Isleworth","E14000593",-0.055,"Labour"
"194","Islwyn","W07000077",-0.055,"Labour"
"195","Sunderland Central","E14000982",-0.054,"Labour"
"196","Blaydon","E14000574",-0.054,"Labour"
"197","West Lancashire","E14001033",-0.054,"Labour"
"198","Vale of Glamorgan","W07000078",-0.054,"Conservative"
"199","Rushcliffe","E14000908",-0.052,"Conservative"
"200","Nottingham North","E14000866",-0.051,"Labour"
"201","Finchley and Golders Green","E14000703",-0.051,"Conservative"
"202","Huddersfield","E14000756",-0.051,"Labour"
"203","Stockton North","E14000970",-0.049,"Labour"
"204","Newcastle upon Tyne North","E14000833",-0.049,"Labour"
"205","Newport West","W07000056",-0.049,"Labour"
"206","Wigan","E14001039",-0.049,"Labour"
"207","Milton Keynes North","E14000821",-0.048,"Conservative"
"208","Twickenham","E14001005",-0.047,"Liberal Democrat"
"209","Leeds East","E14000778",-0.046,"Labour"
"210","North West Durham","E14000856",-0.046,"Conservative"
"211","Calder Valley","E14000614",-0.046,"Conservative"
"212","Orkney and Shetland","S14000051",-0.046,"Liberal Democrat"
"213","Houghton and Sunderland South","E14000754",-0.043,"Labour"
"214","Llanelli","W07000045",-0.043,"Labour"
"215","Birmingham, Erdington","E14000561",-0.042,"Labour"
"216","West Aberdeenshire and Kincardine","S14000058",-0.042,"Conservative"
"217","Preston","E14000885",-0.042,"Labour"
"218","Gower","W07000046",-0.041,"Labour"
"219","North Durham","E14000840",-0.039,"Labour"
"220","Hexham","E14000746",-0.039,"Conservative"
"221","Lancaster and Fleetwood","E14000776",-0.039,"Labour"
"222","Gordon","S14000037",-0.038,"Scottish National Party"
"223","Birmingham, Northfield","E14000565",-0.038,"Conservative"
"224","Eltham","E14000690",-0.036,"Labour"
"225","Swansea East","W07000048",-0.036,"Labour"
"226","East Ham","E14000679",-0.035,"Labour"
"227","Mitcham and Morden","E14000823",-0.035,"Labour"
"228","Torfaen","W07000053",-0.035,"Labour"
"229","Croydon Central","E14000654",-0.034,"Labour"
"230","Portsmouth South","E14000884",-0.034,"Labour"
"231","Newport East","W07000055",-0.034,"Labour"
"232","Kingston upon Hull East","E14000771",-0.033,"Labour"
"233","Pudsey","E14000886",-0.033,"Conservative"
"234","Darlington","E14000658",-0.032,"Conservative"
"235","Hitchin and Harpenden","E14000749",-0.031,"Conservative"
"236","Easington","E14000677",-0.03,"Labour"
"237","Blyth Valley","E14000575",-0.03,"Conservative"
"238","Macclesfield","E14000802",-0.029,"Conservative"
"239","Warrington South","E14001018",-0.029,"Conservative"
"240","Ellesmere Port and Neston","E14000688",-0.029,"Labour"
"241","Colne Valley","E14000645",-0.028,"Conservative"
"242","Barnsley Central","E14000541",-0.027,"Labour"
"243","Coventry South","E14000651",-0.027,"Labour"
"244","Monmouth","W07000054",-0.027,"Conservative"
"245","Redcar","E14000891",-0.026,"Conservative"
"246","Oxford West and Abingdon","E14000874",-0.026,"Liberal Democrat"
"247","Aberconwy","W07000058",-0.026,"Conservative"
"248","Hastings and Rye","E14000735",-0.025,"Conservative"
"249","Barking","E14000540",-0.025,"Labour"
"250","Warrington North","E14001017",-0.024,"Labour"
"251","Colchester","E14000644",-0.023,"Conservative"
"252","Rochdale","E14000897",-0.023,"Labour"
"253","Bury South","E14000612",-0.023,"Conservative"
"254","Worsley and Eccles South","E14001054",-0.023,"Labour"
"255","Lincoln","E14000792",-0.022,"Conservative"
"256","Ealing North","E14000675",-0.022,"Labour"
"257","Reading West","E14000890",-0.022,"Conservative"
"258","Vale of Clwyd","W07000060",-0.022,"Conservative"
"259","Carmarthen East and Dinefwr","W07000067",-0.022,"Plaid Cymru"
"260","Doncaster Central","E14000668",-0.021,"Labour"
"261","Luton South","E14000801",-0.02,"Labour"
"262","Southport","E14000958",-0.02,"Conservative"
"263","Middlesbrough South and East Cleveland","E14000820",-0.019,"Conservative"
"264","Chesterfield","E14000632",-0.019,"Labour"
"265","Coventry North East","E14000649",-0.019,"Labour"
"266","Stalybridge and Hyde","E14000967",-0.019,"Labour"
"267","Ealing, Southall","E14000676",-0.018,"Labour"
"268","Stockton South","E14000971",-0.018,"Conservative"
"269","Filton and Bradley Stoke","E14000702",-0.018,"Conservative"
"270","Ipswich","E14000761",-0.017,"Conservative"
"271","Erith and Thamesmead","E14000696",-0.017,"Labour"
"272","Derby North","E14000662",-0.017,"Conservative"
"273","Bradford East","E14000587",-0.017,"Labour"
"274","Cheltenham","E14000630",-0.016,"Conservative"
"275","Ilford South","E14000760",-0.015,"Labour"
"276","Hendon","E14000741",-0.015,"Conservative"
"277","St Albans","E14000960",-0.015,"Liberal Democrat"
"278","South West Hertfordshire","E14000951",-0.015,"Conservative"
"279","Moray","S14000046",-0.015,"Conservative"
"280","Birmingham, Perry Barr","E14000566",-0.014,"Labour"
"281","Barnsley East","E14000542",-0.013,"Labour"
"282","Delyn","W07000042",-0.013,"Conservative"
"283","Shipley","E14000925",-0.012,"Conservative"
"284","South Swindon","E14000947",-0.012,"Conservative"
"285","Clwyd West","W07000059",-0.012,"Conservative"
"286","South Cambridgeshire","E14000934",-0.01,"Conservative"
"287","Bedford","E14000552",-0.01,"Labour"
"288","Broxtowe","E14000607",-0.01,"Conservative"
"289","Denton and Reddish","E14000661",-0.01,"Labour"
"290","Preseli Pembrokeshire","W07000065",-0.01,"Conservative"
"291","Winchester","E14001041",-0.009,"Conservative"
"292","Shrewsbury and Atcham","E14000926",-0.009,"Conservative"
"293","South Thanet","E14000948",-0.008,"Conservative"
"294","Worcester","E14001052",-0.007,"Conservative"
"295","Tatton","E14000987",-0.007,"Conservative"
"296","York Outer","E14001062",-0.006,"Conservative"
"297","Wolverhampton South West","E14001051",-0.006,"Conservative"
"298","Gedling","E14000710",-0.005,"Conservative"
"299","Milton Keynes South","E14000822",-0.005,"Conservative"
"300","Guildford","E14000719",-0.004,"Conservative"
"301","Heywood and Middleton","E14000747",-0.003,"Conservative"
"302","Clwyd South","W07000062",-0.003,"Conservative"
"303","Welwyn Hatfield","E14001027",-0.002,"Conservative"
"304","Wrexham","W07000044",-0.002,"Conservative"
"305","Keighley","E14000766",-0.001,"Conservative"
"306","Bromley and Chislehurst","E14000604",0,"Conservative"
"307","Halifax","E14000723",0,"Labour"
"308","Bury North","E14000611",0,"Conservative"
"309","South East Cambridgeshire","E14000937",0.001,"Conservative"
"310","Blackburn","E14000570",0.001,"Labour"
"311","Great Grimsby","E14000716",0.002,"Conservative"
"312","Doncaster North","E14000669",0.002,"Labour"
"313","Croydon South","E14000656",0.002,"Conservative"
"314","Maidenhead","E14000803",0.002,"Conservative"
"315","South West Surrey","E14000953",0.002,"Conservative"
"316","Alyn and Deeside","W07000043",0.002,"Labour"
"317","Loughborough","E14000797",0.003,"Conservative"
"318","Sedgefield","E14000915",0.003,"Conservative"
"319","Kenilworth and Southam","E14000767",0.004,"Conservative"
"320","Wakefield","E14001009",0.005,"Conservative"
"321","Reigate","E14000893",0.005,"Conservative"
"322","Bishop Auckland","E14000569",0.005,"Conservative"
"323","Wolverhampton North East","E14001049",0.005,"Conservative"
"324","Barrow and Furness","E14000543",0.005,"Conservative"
"325","Warley","E14001016",0.006,"Labour"
"326","Wycombe","E14001056",0.006,"Conservative"
"327","Wokingham","E14001048",0.006,"Conservative"
"328","Tunbridge Wells","E14001004",0.007,"Conservative"
"329","Rotherham","E14000904",0.007,"Labour"
"330","Hemsworth","E14000740",0.007,"Labour"
"331","Bournemouth East","E14000584",0.008,"Conservative"
"332","Northampton South","E14000862",0.009,"Conservative"
"333","Berwick-upon-Tweed","E14000554",0.009,"Conservative"
"334","Chesham and Amersham","E14000631",0.009,"Conservative"
"335","Wantage","E14001015",0.009,"Conservative"
"336","Derby South","E14000663",0.01,"Labour"
"337","Bradford South","E14000588",0.01,"Labour"
"338","Harrow West","E14000732",0.01,"Labour"
"339","Bolton North East","E14000578",0.01,"Conservative"
"340","Hertford and Stortford","E14000744",0.011,"Conservative"
"341","Kingston and Surbiton","E14000770",0.011,"Liberal Democrat"
"342","Banbury","E14000539",0.011,"Conservative"
"343","Bury St Edmunds","E14000613",0.012,"Conservative"
"344","Mid Sussex","E14000817",0.013,"Conservative"
"345","Stoke-on-Trent Central","E14000972",0.013,"Conservative"
"346","Basingstoke","E14000545",0.013,"Conservative"
"347","Makerfield","E14000805",0.013,"Labour"
"348","Bolton West","E14000580",0.013,"Conservative"
"349","Rochford and Southend East","E14000899",0.014,"Conservative"
"350","Woking","E14001047",0.014,"Conservative"
"351","Isle of Wight","E14000762",0.014,"Conservative"
"352","Eddisbury","E14000686",0.015,"Conservative"
"353","Wentworth and Dearne","E14001028",0.016,"Labour"
"354","Coventry North West","E14000650",0.016,"Labour"
"355","Windsor","E14001042",0.017,"Conservative"
"356","Henley","E14000742",0.017,"Conservative"
"357","Leigh","E14000785",0.017,"Conservative"
"358","Chingford and Woodford Green","E14000634",0.018,"Conservative"
"359","North East Hertfordshire","E14000845",0.018,"Conservative"
"360","Peterborough","E14000878",0.018,"Conservative"
"361","Oldham East and Saddleworth","E14000870",0.018,"Labour"
"362","The Cotswolds","E14000991",0.018,"Conservative"
"363","Crewe and Nantwich","E14000653",0.018,"Conservative"
"364","North Somerset","E14000850",0.018,"Conservative"
"365","Carmarthen West and South Pembrokeshire","W07000066",0.018,"Conservative"
"366","Ashton-under-Lyne","E14000537",0.019,"Labour"
"367","Stevenage","E14000968",0.02,"Conservative"
"368","Wolverhampton South East","E14001050",0.02,"Labour"
"369","Derbyshire Dales","E14000664",0.021,"Conservative"
"370","Birmingham, Yardley","E14000568",0.021,"Labour"
"371","Newbury","E14000830",0.021,"Conservative"
"372","Southampton, Itchen","E14000955",0.021,"Conservative"
"373","Blackpool South","E14000573",0.021,"Conservative"
"374","East Worthing and Shoreham","E14000682",0.022,"Conservative"
"375","Hemel Hempstead","E14000739",0.022,"Conservative"
"376","Stafford","E14000965",0.022,"Conservative"
"377","Copeland","E14000647",0.022,"Conservative"
"378","Salisbury","E14000912",0.022,"Conservative"
"379","Forest of Dean","E14000705",0.022,"Conservative"
"380","Lewes","E14000786",0.023,"Conservative"
"381","Horsham","E14000753",0.023,"Conservative"
"382","Congleton","E14000646",0.024,"Conservative"
"383","Don Valley","E14000667",0.025,"Conservative"
"384","Chichester","E14000633",0.025,"Conservative"
"385","Rossendale and Darwen","E14000902",0.025,"Conservative"
"386","East Devon","E14000678",0.025,"Conservative"
"387","Batley and Spen","E14000548",0.026,"Labour"
"388","Beaconsfield","E14000550",0.026,"Conservative"
"389","Oldham West and Royton","E14000871",0.026,"Labour"
"390","Corby","E14000648",0.027,"Conservative"
"391","North West Cambridgeshire","E14000855",0.027,"Conservative"
"392","Huntingdon","E14000757",0.027,"Conservative"
"393","North East Hampshire","E14000844",0.027,"Conservative"
"394","Meriden","E14000812",0.028,"Conservative"
"395","Bracknell","E14000586",0.028,"Conservative"
"396","Morecambe and Lunesdale","E14000825",0.028,"Conservative"
"397","Norwich North","E14000863",0.029,"Conservative"
"398","Esher and Walton","E14000697",0.029,"Conservative"
"399","Walsall South","E14001012",0.029,"Labour"
"400","Runnymede and Weybridge","E14000907",0.029,"Conservative"
"401","Bolton South East","E14000579",0.029,"Labour"
"402","Beckenham","E14000551",0.03,"Conservative"
"403","Harrogate and Knaresborough","E14000730",0.03,"Conservative"
"404","Dover","E14000670",0.032,"Conservative"
"405","South Norfolk","E14000941",0.032,"Conservative"
"406","Slough","E14000930",0.032,"Labour"
"407","Burnley","E14000609",0.032,"Conservative"
"408","Gloucester","E14000712",0.032,"Conservative"
"409","Central Devon","E14000623",0.032,"Conservative"
"410","Workington","E14001053",0.033,"Conservative"
"411","Scarborough and Whitby","E14000913",0.034,"Conservative"
"412","Normanton, Pontefract and Castleford","E14000836",0.034,"Labour"
"413","Watford","E14001021",0.034,"Conservative"
"414","Aylesbury","E14000538",0.034,"Conservative"
"415","Romsey and Southampton North","E14000901",0.034,"Conservative"
"416","Erewash","E14000695",0.035,"Conservative"
"417","Witney","E14001046",0.035,"Conservative"
"418","Rother Valley","E14000903",0.036,"Conservative"
"419","Mole Valley","E14000824",0.036,"Conservative"
"420","Newcastle-under-Lyme","E14000834",0.036,"Conservative"
"421","Camborne and Redruth","E14000616",0.036,"Conservative"
"422","Hertsmere","E14000745",0.037,"Conservative"
"423","North East Somerset","E14000846",0.037,"Conservative"
"424","Dewsbury","E14000666",0.038,"Conservative"
"425","West Bromwich West","E14001030",0.038,"Conservative"
"426","Redditch","E14000892",0.038,"Conservative"
"427","East Hampshire","E14000680",0.038,"Conservative"
"428","North Swindon","E14000851",0.038,"Conservative"
"429","Chelmsford","E14000628",0.039,"Conservative"
"430","Waveney","E14001022",0.04,"Conservative"
"431","Mid Derbyshire","E14000814",0.04,"Conservative"
"432","Ilford North","E14000759",0.041,"Labour"
"433","Tonbridge and Malling","E14000997",0.041,"Conservative"
"434","North East Bedfordshire","E14000841",0.042,"Conservative"
"435","Arundel and South Downs","E14000534",0.042,"Conservative"
"436","Rugby","E14000905",0.042,"Conservative"
"437","South West Bedfordshire","E14000949",0.042,"Conservative"
"438","Carlisle","E14000620",0.042,"Conservative"
"439","Fylde","E14000706",0.042,"Conservative"
"440","Devizes","E14000665",0.042,"Conservative"
"441","West Worcestershire","E14001035",0.043,"Conservative"
"442","Saffron Walden","E14000910",0.044,"Conservative"
"443","Scunthorpe","E14000914",0.045,"Conservative"
"444","Morley and Outwood","E14000826",0.045,"Conservative"
"445","Epsom and Ewell","E14000694",0.045,"Conservative"
"446","Bournemouth West","E14000585",0.045,"Conservative"
"447","Newark","E14000829",0.046,"Conservative"
"448","Crawley","E14000652",0.047,"Conservative"
"449","South Ribble","E14000943",0.047,"Conservative"
"450","Rochester and Strood","E14000898",0.048,"Conservative"
"451","Somerton and Frome","E14000932",0.048,"Conservative"
"452","Mid Bedfordshire","E14000813",0.049,"Conservative"
"453","Richmond (Yorks)","E14000895",0.049,"Conservative"
"454","Selby and Ainsty","E14000917",0.049,"Conservative"
"455","Cheadle","E14000627",0.049,"Conservative"
"456","Buckingham","E14000608",0.05,"Conservative"
"457","Chippenham","E14000635",0.05,"Conservative"
"458","Sheffield South East","E14000920",0.051,"Labour"
"459","Hayes and Harlington","E14000737",0.051,"Labour"
"460","North Herefordshire","E14000847",0.051,"Conservative"
"461","South Dorset","E14000936",0.051,"Conservative"
"462","Beverley and Holderness","E14000556",0.052,"Conservative"
"463","Sutton Coldfield","E14000985",0.052,"Conservative"
"464","Weston-Super-Mare","E14001038",0.052,"Conservative"
"465","South East Cornwall","E14000938",0.052,"Conservative"
"466","South Suffolk","E14000946",0.053,"Conservative"
"467","Haltemprice and Howden","E14000724",0.053,"Conservative"
"468","South Northamptonshire","E14000942",0.053,"Conservative"
"469","Telford","E14000989",0.053,"Conservative"
"470","Hereford and South Herefordshire","E14000743",0.053,"Conservative"
"471","South West Wiltshire","E14000954",0.053,"Conservative"
"472","Nuneaton","E14000868",0.054,"Conservative"
"473","Folkestone and Hythe","E14000704",0.055,"Conservative"
"474","Maidstone and The Weald","E14000804",0.055,"Conservative"
"475","Bromsgrove","E14000605",0.055,"Conservative"
"476","Hyndburn","E14000758",0.055,"Conservative"
"477","North Wiltshire","E14000860",0.055,"Conservative"
"478","Penistone and Stocksbridge","E14000876",0.056,"Conservative"
"479","East Surrey","E14000681",0.056,"Conservative"
"480","The Wrekin","E14000992",0.056,"Conservative"
"481","Suffolk Coastal","E14000981",0.057,"Conservative"
"482","Chatham and Aylesford","E14000626",0.057,"Conservative"
"483","Tewkesbury","E14000990",0.058,"Conservative"
"484","North East Derbyshire","E14000843",0.059,"Conservative"
"485","Bolsover","E14000577",0.059,"Conservative"
"486","Rutland and Melton","E14000909",0.06,"Conservative"
"487","Feltham and Heston","E14000701",0.06,"Labour"
"488","Sevenoaks","E14000918",0.06,"Conservative"
"489","Stratford-on-Avon","E14000977",0.06,"Conservative"
"490","Taunton Deane","E14000988",0.06,"Conservative"
"491","Totnes","E14001001",0.06,"Conservative"
"492","Northampton North","E14000861",0.061,"Conservative"
"493","Brent North","E14000592",0.061,"Labour"
"494","Brecon and Radnorshire","W07000068",0.061,"Conservative"
"495","Ashfield","E14000535",0.062,"Conservative"
"496","Eastleigh","E14000685",0.062,"Conservative"
"497","Torridge and West Devon","E14001000",0.062,"Conservative"
"498","Wealden","E14001023",0.063,"Conservative"
"499","Kettering","E14000769",0.063,"Conservative"
"500","Meon Valley","E14000811",0.063,"Conservative"
"501","Wyre Forest","E14001058",0.063,"Conservative"
"502","South West Devon","E14000950",0.063,"Conservative"
"503","Central Suffolk and North Ipswich","E14000624",0.064,"Conservative"
"504","Daventry","E14000660",0.064,"Conservative"
"505","West Bromwich East","E14001029",0.065,"Conservative"
"506","South Derbyshire","E14000935",0.066,"Conservative"
"507","Penrith and The Border","E14000877",0.066,"Conservative"
"508","Banff and Buchan","S14000007",0.066,"Conservative"
"509","Kingswood","E14000774",0.066,"Conservative"
"510","Skipton and Ripon","E14000928",0.067,"Conservative"
"511","North West Hampshire","E14000857",0.067,"Conservative"
"512","Ashford","E14000536",0.068,"Conservative"
"513","Elmet and Rothwell","E14000689",0.068,"Conservative"
"514","Uxbridge and South Ruislip","E14001007",0.068,"Conservative"
"515","Surrey Heath","E14000983",0.068,"Conservative"
"516","Aldershot","E14000530",0.068,"Conservative"
"517","Thurrock","E14000995",0.069,"Conservative"
"518","Dagenham and Rainham","E14000657",0.069,"Labour"
"519","Worthing West","E14001055",0.069,"Conservative"
"520","Lichfield","E14000791",0.069,"Conservative"
"521","Walsall North","E14001011",0.069,"Conservative"
"522","North Shropshire","E14000849",0.069,"Conservative"
"523","North Thanet","E14000852",0.07,"Conservative"
"524","Broadland","E14000603",0.07,"Conservative"
"525","St Austell and Newquay","E14000961",0.07,"Conservative"
"526","Grantham and Stamford","E14000714",0.071,"Conservative"
"527","North West Leicestershire","E14000858",0.071,"Conservative"
"528","Faversham and Mid Kent","E14000700",0.072,"Conservative"
"529","Thirsk and Malton","E14000993",0.072,"Conservative"
"530","Stone","E14000975",0.073,"Conservative"
"531","Harwich and North Essex","E14000734",0.074,"Conservative"
"532","Ruislip, Northwood and Pinner","E14000906",0.074,"Conservative"
"533","Hazel Grove","E14000738",0.074,"Conservative"
"534","Great Yarmouth","E14000717",0.075,"Conservative"
"535","Witham","E14001045",0.076,"Conservative"
"536","Wyre and Preston North","E14001057",0.076,"Conservative"
"537","Wellingborough","E14001025",0.077,"Conservative"
"538","Pendle","E14000875",0.077,"Conservative"
"539","Westmorland and Lonsdale","E14001037",0.077,"Liberal Democrat"
"540","Sittingbourne and Sheppey","E14000927",0.078,"Conservative"
"541","Sherwood","E14000924",0.079,"Conservative"
"542","Fareham","E14000699",0.079,"Conservative"
"543","Ribble Valley","E14000894",0.079,"Conservative"
"544","West Dorset","E14001031",0.079,"Conservative"
"545","Tiverton and Honiton","E14000996",0.08,"Conservative"
"546","Bexhill and Battle","E14000557",0.081,"Conservative"
"547","Mid Worcestershire","E14000818",0.081,"Conservative"
"548","Stourbridge","E14000976",0.081,"Conservative"
"549","Poole","E14000881",0.081,"Conservative"
"550","Southend West","E14000957",0.082,"Conservative"
"551","Harborough","E14000728",0.082,"Conservative"
"552","Solihull","E14000931",0.082,"Conservative"
"553","Gainsborough","E14000707",0.083,"Conservative"
"554","Brigg and Goole","E14000596",0.083,"Conservative"
"555","Carshalton and Wallington","E14000621",0.083,"Conservative"
"556","Tamworth","E14000986",0.083,"Conservative"
"557","Newton Abbot","E14000835",0.083,"Conservative"
"558","Braintree","E14000590",0.084,"Conservative"
"559","South Leicestershire","E14000940",0.084,"Conservative"
"560","St Ives","E14000964",0.084,"Conservative"
"561","Bridgwater and West Somerset","E14000595",0.085,"Conservative"
"562","East Yorkshire","E14000683",0.086,"Conservative"
"563","Harlow","E14000729",0.087,"Conservative"
"564","Bassetlaw","E14000546",0.087,"Conservative"
"565","Luton North","E14000800",0.087,"Labour"
"566","Burton","E14000610",0.087,"Conservative"
"567","Montgomeryshire","W07000063",0.087,"Conservative"
"568","Wells","E14001026",0.087,"Conservative"
"569","Epping Forest","E14000693",0.088,"Conservative"
"570","Ludlow","E14000799",0.088,"Conservative"
"571","North Devon","E14000838",0.088,"Conservative"
"572","Plymouth, Moor View","E14000879",0.088,"Conservative"
"573","Eastbourne","E14000684",0.089,"Conservative"
"574","Blackpool North and Cleveleys","E14000572",0.089,"Conservative"
"575","Torbay","E14000999",0.089,"Conservative"
"576","Gravesham","E14000715",0.09,"Conservative"
"577","Harrow East","E14000731",0.091,"Conservative"
"578","Cannock Chase","E14000618",0.091,"Conservative"
"579","Stoke-on-Trent North","E14000973",0.091,"Conservative"
"580","Halesowen and Rowley Regis","E14000722",0.091,"Conservative"
"581","Basildon and Billericay","E14000544",0.092,"Conservative"
"582","Portsmouth North","E14000883",0.092,"Conservative"
"583","Gosport","E14000713",0.092,"Conservative"
"584","Gillingham and Rainham","E14000711",0.093,"Conservative"
"585","New Forest East","E14000827",0.093,"Conservative"
"586","Leicester East","E14000782",0.094,"Labour"
"587","Amber Valley","E14000533",0.094,"Conservative"
"588","North West Norfolk","E14000859",0.095,"Conservative"
"589","Orpington","E14000872",0.096,"Conservative"
"590","Sutton and Cheam","E14000984",0.096,"Conservative"
"591","Thornbury and Yate","E14000994",0.096,"Conservative"
"592","Sleaford and North Hykeham","E14000929",0.097,"Conservative"
"593","Dartford","E14000659",0.098,"Conservative"
"594","Havant","E14000736",0.099,"Conservative"
"595","New Forest West","E14000828",0.1,"Conservative"
"596","Mid Dorset and North Poole","E14000815",0.1,"Conservative"
"597","North Dorset","E14000839",0.102,"Conservative"
"598","West Suffolk","E14001034",0.104,"Conservative"
"599","Bosworth","E14000583",0.104,"Conservative"
"600","Spelthorne","E14000959",0.104,"Conservative"
"601","Charnwood","E14000625",0.108,"Conservative"
"602","North Cornwall","E14000837",0.108,"Conservative"
"603","Brentwood and Ongar","E14000594",0.109,"Conservative"
"604","Mid Norfolk","E14000816",0.11,"Conservative"
"605","Dudley North","E14000671",0.11,"Conservative"
"606","Mansfield","E14000810",0.111,"Conservative"
"607","Staffordshire Moorlands","E14000966",0.113,"Conservative"
"608","Maldon","E14000806",0.114,"Conservative"
"609","Dudley South","E14000672",0.114,"Conservative"
"610","Yeovil","E14001060",0.114,"Conservative"
"611","Bognor Regis and Littlehampton","E14000576",0.116,"Conservative"
"612","North Warwickshire","E14000854",0.116,"Conservative"
"613","South West Norfolk","E14000952",0.117,"Conservative"
"614","Cleethorpes","E14000643",0.117,"Conservative"
"615","Bexleyheath and Crayford","E14000558",0.118,"Conservative"
"616","South Basildon and East Thurrock","E14000933",0.122,"Conservative"
"617","North Norfolk","E14000848",0.122,"Conservative"
"618","Stoke-on-Trent South","E14000974",0.122,"Conservative"
"619","Broxbourne","E14000606",0.124,"Conservative"
"620","South Staffordshire","E14000945",0.124,"Conservative"
"621","Hornchurch and Upminster","E14000751",0.127,"Conservative"
"622","Old Bexley and Sidcup","E14000869",0.13,"Conservative"
"623","Aldridge-Brownhills","E14000531",0.13,"Conservative"
"624","North East Cambridgeshire","E14000842",0.131,"Conservative"
"625","Christchurch","E14000638",0.133,"Conservative"
"626","Romford","E14000900",0.145,"Conservative"
"627","Louth and Horncastle","E14000798",0.145,"Conservative"
"628","Clacton","E14000642",0.15,"Conservative"
"629","South Holland and The Deepings","E14000939",0.165,"Conservative"
"630","Boston and Skegness","E14000582",0.166,"Conservative"
"631","Rayleigh and Wickford","E14000888",0.171,"Conservative"
"632","Castle Point","E14000622",0.212,"Conservative"
